,sgRNA Sequence,Aggregate CFD Score,On-Target Efficacy Score
0,GTACGTGATTCCAGCAAACA,0.05,0.5661
7,ATATATACGGTCCTACGTGA,0.0,1.116
8,TAGGTGCGATGCGACCAATC,0.0,1.221
9,GGAGGTAGAGGTCGCAATAT,0.75,0.5373
11,GAACAGTGTGTAGATTGACA,0.4,0.9976
12,ACAGTGACGTTACTCTACGA,0.0,1.275
13,ACCTGCGAATAGTTATACGT,0.0,1.286
16,AGAGTACGTAGGGTCCACGG,0.0,1.409
18,TGCAATAGAGACCCACATAC,0.0161,1.182
20,TTAGAAGTACCAGTGTACCG,0.4615,0.7943
23,TTGGTACATGCGCTATGATC,0.0,1.136
25,GGTAATGCAAGGACCCTTAT,0.65,0.5263
27,TATGTGGGTAAACTCGTCAT,0.0,1.145
28,TGGGTGCCTTGGTGGATCGA,0.6429,0.4902
31,TTTATCTGCCTGTAGTGAGT,0.3846,0.3655
32,TCCTGCTGTTGGCACAGTAT,0.6667,0.2955
33,AGAGCAGGTGACGTTAGATC,0.0,1.289
34,ATGGTCTGTGGGTCCTACAT,0.7895,0.7421
36,AATATATACAGCGTTCGCAC,0.0,1.171
37,TAGAGGTAGCCAGAAAGGCA,1.3815,1.141
40,TGAACACACAAAGCAATCTA,0.9637,0.8975
43,GTGTATACGTAGCACAACCC,0.0,1.3
45,AGAAGGAGGATCCCCTTAAC,0.1176,0.5526
47,ATACGTGACAACCTACTACT,0.5323,1.147
49,TAGGATCCGTGCTGAGCCCA,1.1833,0.6341
50,TTACCCAGATCTGAAGGACA,2.3447,0.8679
51,ATAGCTAATAGTGATCGAGT,0.0,1.154
52,ATGTATCGTCCAGTCTACTG,0.9231,0.4051
53,GTGGCCTTGCCTTAGTATAC,0.1429,0.5507
54,GAGGTGCCAGTGTAATGAGT,1.7931,1.042
55,GAGTACAGATCACGTAACCC,0.0,1.165
58,TGTCGAGGATAGTAGATCGT,0.0,1.14
59,AAGAATATGAAGGAGGCAGT,1.3487,0.6733
60,ATACCGTTAGGTGCTAGCAA,0.0,1.181
63,AATCGGAGCTCTACATCAGA,0.8667,0.8593
64,AGGCACATAGCAGTGATAGG,0.6667,1.158
67,ATCGACTATCCCAGTACCAT,0.039,0.6534
69,ATTATGCAGCCCGATTACCT,0.6818,0.9865
76,TGTAGGGTGACCAACTAATC,2.2115,0.8031
77,GAGGAGCGAAACGTCCCCTA,0.0,1.172
78,GTGATCGATGGGCCTAATAT,0.0,1.135
80,AGTTACTACTCGATACACTA,0.0694,1.176
83,ACAGTCCGCCCGAAACACCA,0.0,1.205
85,AACTGGGGGGTGTAGTGTGA,0.25,0.3096
86,GAGCAGGTGATCACATAAGC,0.1905,0.7171
87,GCTTTCCAGCCCTAATACTC,2.3613,0.7099
89,ATAACTACATCGTAATACTC,0.0,1.151
90,GTTACCTAACATGATCGTAG,0.0,1.114
94,ACACTCCCACACGTAGGCAT,0.5139,0.5847
97,ATTGTAGTACAACTACGCTA,0.0,1.273
100,AAGATGACACTAGTATCGTA,0.0,1.254
101,GGTCACTACCGACTAAACAT,0.9412,1.008
103,AGAGAAAGAAAGCACAAGTA,1.4468,0.4404
105,AGACTTACGGAGCTACATCT,0.0,1.229
106,ACACCATATAGGTGTATAGT,0.3846,0.8836
108,GGAAGGCAGGGTATTACAGT,0.8,0.7204
111,ATAGGTATCAGACTAACGAT,0.0,1.255
112,TATCTGGGTGGCGTCTACAG,0.1765,0.7142
113,GTGGGTTATAACGTATACTC,0.0,1.278
117,AGTCTAGAGACTAAGAATAC,0.0588,1.197
118,ACTATATCGACAGCCAATGT,0.0,1.523
119,TAGGGAGTAACACTAATCGT,0.0,1.493
121,ATTACCTGGACGTAGCAATA,0.0,1.491
124,ATGGTAAAGGGAATGAATCC,1.1434,0.6133
128,GGCATAAGCTATTAATAACT,1.29,0.3829
130,ATATCAGAAGTCTTCAAACT,0.9283,0.3732
131,GCAGCAGTGAGAAACGATCC,0.0,1.223
132,TAGCGGGGCAACTCCAGGAC,0.3077,0.7793
134,ATGTTGGAGGTGAGCCTATA,0.0161,0.6288
139,ATAATCGAGAATGACTAATC,0.0,1.111
141,AGATTCCGCTATAGTATCTC,0.0,1.109
144,TGTAGGATGAACCCCCTATA,0.0,1.134
146,ACAGAAGAAACATTGACACA,0.0978,0.4115
147,GCAGTCAGGAGGGATAGCTA,0.7647,1.291
151,ACTGAGGTACACCTACCGTT,0.0,1.126
152,ATTTCACTGAAGGTGTTATT,1.062,0.4649
153,ATTCAACCTGGATGTCTAAC,0.5,0.2262
154,CAGCGACTCCGATCCAACCC,0.8667,1.315
158,ATATTACCAGTAGATAGCTA,0.9333,1.33
159,AAGGAACCTAAATACGTCAA,0.0,1.155
160,ATTACCCATATACTACGTAT,0.0,1.295
164,TATAGGACAATATTACAGCG,0.5714,1.156
167,ACATCTGTTCCAGGGTATAT,1.6334,0.366
168,ATAGCAGAGCACAGAGGGAT,4.7116,0.7034
169,TATATGTAGACGCACTAGCA,0.0,1.107
172,AGGTAGTGTATGATAACCCC,0.0,1.473
175,AAGCTCCAGTACTCCATGTT,0.8125,0.6644
176,CGAAGGATGCCCTAATAGGG,0.9091,0.5647
178,AGATAGAGAAGTCACGACTA,0.0,1.109
179,GGAGCCAGCATTGTATGCCG,0.5714,0.3452
181,TGGGGGAGGTGGCTGTGATA,2.1886,0.2626
182,AGATAATACAGGCATCTCGT,0.0,1.173
183,GGAGAATATATGTGGAATCT,1.9383,0.8288
186,GAGGGCCTATATTATAGCTC,0.039,1.08
191,GTATAGGCTAGCCCACCATC,0.0,1.159
193,TATCGGAGTAGCAATCATAC,0.0,1.258
195,GGGATGGTCGGGAGCAGATG,0.625,0.3034
196,TAAGATACCAACTTCAGGTC,0.5714,0.4691
198,GAAGTTAGATGGATACGCCC,0.0,1.141
199,AGTGATATAAGGCGGTAACT,0.0,1.153
201,GAATGATATGTATGTATGGA,1.6716,0.3552
204,AAAGTAGCGAGACAATGTAT,0.0,1.251
205,TGCTGGCTTCAGGTATAACT,1.3075,0.5224
207,TGATTCAGCACCATCACGAT,1.2381,0.6623
208,GTTGGAATGAGAAGCAGTTA,0.3161,0.5606
211,GCAGACACCGAGCTAACTAT,1.5332,1.049
212,GAGATTCCAGGGTGTTTGGT,0.75,0.4934
214,AAGTAGAACTCGCTAAACTT,0.0,1.147
220,AAGTAGCGTGGAGATCCATA,0.0,1.136
221,TTCCACAGCCAATCCCAGTA,0.7647,0.3593
222,ATAGAGAGGCACCCACGTAC,0.0,1.359
223,ACTTAGTCTCCCCGCCGACC,0.5,1.047
224,AGGCGGTAGTGTTAATGACC,0.0,1.145
225,ACATAGTAAGCACACGATAC,0.0588,1.082
226,GTAAGGCCTATGTTCTACGC,0.6667,0.9515
228,ACAATAGTGACGTTAATCAC,0.0,1.334
232,ACTGCGTAGAAGTCTAACTA,0.0,1.193
233,GCCCCTGGAGGCAGGTATGA,1.4907,0.4701
238,ATCAGGAGTGCCAGGAAGAG,2.5718,0.4597
239,GTAGGCTCGGATCTGAGGAG,0.4,0.6244
240,TTGGATCTAGCCTATTAAAT,0.2143,0.312
241,AGTAAGACTGTGTAAAATAG,1.9667,0.7289
242,GAAGCCTGGGGTTAGTCCAT,0.5625,0.4771
243,AATGTGTAGTACCTCCCCAC,0.5495,1.3
244,AAAGCTATGTCATAAACCGC,0.0,1.133
245,GTGGCTATCAGGCTCTATAT,0.0,1.271
246,ACTCGACAAATACTAACCGA,0.0,1.134
247,AGGCGCATACTCCTAAACTA,0.0,1.149
248,TATGGATGGCTGCTACAATC,0.0,1.193
249,AATGCTTAAGAATGTCTGGA,1.3036,0.478
251,CCCTGGTGACCAGTGCATAC,0.039,0.4359
252,TTAGTGGTAGCCTACCATAC,0.0,1.206
257,GCTGCACGAATCTACCACAC,1.1895,1.266
258,GCAGTGATATCCTATCCGAA,0.0,1.11
260,CAGCAGACCTCGCACAACAC,0.0,1.159
261,TGGGAGCCTCTACACCGAGT,0.0,1.156
263,GGGGTACTGCTGTGGTACCA,1.1584,0.6267
264,AGAGACCGTCAGAGGTATAC,0.0,1.122
265,AGTGTTACTATACCACGACT,0.0,1.159
266,GATCTGGATTGATAGCCTTA,1.498,0.5393
269,ACGCTAAGGATCTAGGATCT,1.4818,0.8827
270,CTATCTTGAAGTGTTATAGT,0.1176,0.4266
272,ATGTAGTACCATGCGTCCCA,0.0,1.106
273,GTAGATTGGACGATACATTC,0.9091,1.059
274,ATATGACAACCCAATCAACC,0.7143,1.076
275,AGGGAGTACAGCCTTCGATA,0.0,1.179
277,GAGCTCACGATTAATAACCC,0.0,1.253
278,GTAGAACAAATCAGGATACG,0.4286,0.7301
279,CTAGCGTATCAGCTACCCAC,0.6667,1.18
280,ATAGAAGGTTAGTTGATACG,0.0,1.207
282,ATGGTGCACGAATAATCCTA,0.0,1.173
283,AGCAGACTAATACACCGCCC,0.0,1.169
284,GTAGTGCACGAAGTAATGAC,0.619,1.493
286,GCTGAGCGTTAGCTCATAGT,0.0,1.421
290,GTTTATGAAGAGAAACTACA,3.4466,0.4173
291,TACACCTGATAGTACCACAC,0.0,1.498
292,GTATTGACTCATATGATCAT,2.4617,0.6373
296,ATAATAGTATTGCTACCGAC,0.0,1.11
298,GGGATCCAGCAAGACCGCTC,0.3077,1.195
301,AAGTATGAGAGGCTACCGCA,0.0,1.433
302,ATAGGCAGGACATCCTATCC,0.625,1.107
304,CAGCAGGATTGGACATCAGA,0.3181,0.4773
305,ATAGCCAGTAAACGATATCA,0.0,1.226
307,TGTGGGTGTGTATTAGAGAG,1.5222,0.7511
309,AGTTAACGTGCACAATACCC,0.0,1.16
310,GTTCGTTCTAGTATACACCC,0.0,1.238
312,GCACACACGATATTAGACCC,0.0,1.192
313,GATGCACCTGAATGTACGTT,0.4667,0.419
315,AGGACTTACGCGCTATAACC,0.0,1.181
316,AGTTTGATAAGACACTACGT,0.0,1.146
321,TACAGTAAGTAAGCCATATC,1.5594,0.3094
322,GAGACATGGGATGTCAATCA,0.6154,1.014
323,AAGTGGGAGAACGCTTACCT,0.7143,1.064
326,TAGACCCATCGGTACTGCAC,0.0,1.41
328,TTGGGAAACAACCTAGGAGA,1.2946,0.4386
329,AGGTGAGTTATGGAATATCG,0.9375,0.8821
330,TAACGGACATCACTATGCTA,0.8421,1.277
331,ACCACTGTCTTAGAGAATCG,0.3333,0.4553
333,TAAGGACCAACGTATTACAG,0.0,1.371
334,AACGCGTAAGATCTATACCA,0.0,1.488
335,AGGTCTAGTCCCTTGCCATT,0.8487,0.8053
336,ATAGTAGCATAATCCCTATC,0.0,1.155
338,ACTATGCACAACGTACACTC,0.0,1.265
341,AAGTGTACATGTGTGTTCGA,0.1333,0.5933
343,GGTTTGTAAGTCTAGAGCCA,0.0161,0.7417
344,AGAGAGACAGGAGTTACTGA,0.35,1.323
345,TAGGCGCAAACCATCAACCC,0.0,1.17
350,AGATATGGTTACAACTGATC,0.0588,1.019
353,GTGATACGGTACTATTACAC,0.0,1.118
356,AAGGAGGCAACGGTATGTCC,0.0,1.253
358,GCTGACATGTTTGACTACCC,0.0,1.178
359,AGAACGACTGAGTCCCAATT,0.0,1.223
363,AGATACGTCACCATACCCCC,0.0,1.334
364,GAAGCGTAGCATGATAATAT,0.0,1.218
365,TGTTAGGGTGGGTATACATC,0.625,0.8901
366,AAAATAAGTTGAGTCTACCA,0.8651,1.137
367,ACTGAATGGCCCGTAATCAC,0.0,1.187
369,AGAGTAGCTGCGTAACACAT,0.0,1.143
370,TTGGTCACAGTGCTACGCTA,0.0,1.156
371,ACAAGACTGATAGACCGCTA,0.2857,1.077
373,TAATAGTCACCGTATCCACA,0.0,1.213
374,AACTCCCATGTAGTATTGAT,1.3287,0.6296
378,GGCTACCAGAACCACGTAAT,0.0909,0.6379
379,TGCACCGTGAACGTGTACCA,0.0,1.176
381,GATCATGAGATACTAGCGGA,0.0,1.148
382,AAAAAGGAGAATGTAGTGGT,0.6176,0.7087
383,TGATAATCAAGGGACTACCC,0.9333,1.173
384,TATACAATCCGATAGCACAC,0.1333,1.224
386,TGTACTGGGTATTACTAATC,0.6104,1.218
387,ATACTTCCTATACTAAGTCT,0.5686,0.7401
391,AGAATTCTGCACCTACAATC,0.2727,1.096
392,GTCCATGTAACTAATCCTCC,0.4667,0.7771
393,AAACTTGACTAGTCAAACGA,0.0,1.137
394,ATGGATAGTTACTATCACGC,0.0,1.403
395,GTAGTCGGTAGTATGCCTTC,0.0,1.163
396,AGGTACACAGACCAACGTGC,0.5385,0.8218
398,ATACGTATAGGGCACTAACA,0.0,1.304
399,GGTAGTTCTGGGCACACAAC,1.2907,0.5304
401,ACAGCCCACAGAAAATTACA,1.2922,0.5473
403,ATGCTGTCTAACGATCCCAC,0.0,1.178
405,TCTATCTATACTGAGATCAG,0.0694,0.8319
406,TGGGGCTAGATGTTATATCC,0.1765,1.146
408,AGAGTGACTGTGCCATGTGT,0.8193,1.51
412,GCAGTACTGTCACTAATATC,0.0,1.146
414,GTTCAGTACTAACCTATCCC,0.0,1.218
415,TCTACAAGTTAGGTACACCC,0.0,1.266
417,TGGGTGAAGAGCCCTATATC,0.0588,1.013
418,GCACAGGGCTGTGCTGATGA,1.5637,0.5705
420,ACAGCCAGGGTGCTACGAGT,0.8125,1.531
425,GCTAGTGATACCAAGATGAT,1.5,0.7653
426,GGTGTGTGCAAGGGTTACAC,0.0161,0.5024
427,GTAGTAAGAACGGCATATAC,0.0,1.307
429,ATATGGTAGATACTAGCCTA,0.0,1.18
432,AGGAGCGCACCTGTGTAAGG,0.25,0.6516
433,GGAGACACAGGACTGAATCG,1.1615,0.6022
434,CATGGATATAATATGTCATA,1.2021,0.5288
436,TAAGTGGCATAGGAAGAAAG,2.3125,0.5193
439,ACGGAAGCTCTAATATGTTG,0.25,0.6223
440,GGGTATTCTATACATTCTGT,1.4194,0.6529
441,TACTAGAGGCTAGTAACGGT,0.5625,1.242
442,GATGTATAGTGTGACTATCC,0.6429,1.162
443,TAGGTACTACCAGATAGATT,0.0,1.167
445,GTTCAGCTAGACCTATGATC,0.0,1.472
447,ATAGATAAGAGATACGAACT,0.0,1.115
451,AAATACTGGTGACACAACAC,0.0694,1.047
452,ATAGCCACTATACCAAACTA,0.0,1.191
453,TGAGAAGTAGTTTGGTATAG,0.375,0.2184
454,TGGAAGTCTAGGCGTTGATA,0.65,1.086
455,AGGTGGTGTACACTTTCGCA,0.875,1.131
456,ATTTCCTGAGGGGTATAGTA,3.7308,0.86
466,ACCCAGCCAGCTGGCAGCAC,2.1442,0.315
468,AGCACGCGGTCACCTCACAC,0.0,1.161
469,GTGGCCCCTGCAGAGTCCCC,1.4778,0.8896
471,TGTGCTAGAGATCGCATGAG,0.0667,1.174
472,TCTGTGTTGACCATACCCTC,0.5385,1.189
473,GGACTAGATAAGACTTAGTC,0.0968,0.8758
476,AGATTGGCTAGCTCTCGTGA,0.0,1.32
479,TACTTAGCTAACTCACTCCA,1.8254,0.6279
481,ACTCCCTCTATACCAAGGAA,0.6429,1.014
482,GACCTCCTGGGCGTATACTC,1.0769,1.266
483,GGATCTGTATAGTTACAGTG,0.6,0.9126
484,GAAAGTAAGAAGTACATATC,1.1894,0.6563
485,AATGTATACCTGTGTAACCA,0.0,1.159
487,TATATGACTATCAGCTACCA,0.3333,0.8118
490,GAAGGTGTCCAGGACACTAT,0.5714,0.5482
491,TATGGATAGCAATTAAGCGT,0.0,1.267
492,AGGGTAGACCTTCCATAACA,0.4,1.054
493,GATTGTTAGGGCCAATACTT,0.3846,0.7647
498,AGACATGGCAAAGCTATTAG,0.9904,0.5519
502,CATACCCTCAGACTGGAAGA,1.4,0.2809
506,GCATTCCTGGGTATAACCAC,0.0588,1.07
507,GGTGGGGTACTCTATAAAAC,0.5714,0.3106
508,TGTGGGTCTAGCTTAATCAC,0.0,1.21
509,ACTGTGTACAGCCATAGCGT,0.0,1.152
510,GTGGTTGCCTATGTTAGGTA,0.8571,0.7176
512,GGAGGCGTCTACCCCATGTA,0.0,1.144
513,GTAGACTCGACCATCTACCA,0.0,1.157
516,TGGATCTCACGGCTAAGATC,0.0,1.174
517,ATCACTCAAGAAGAGGGTGT,1.5833,0.6389
518,ACATTGTAGACGCTCCCCAT,0.0,1.166
520,GTCCTGTGGTAAAGGAACAA,2.0147,0.8208
523,AATAATGGGTTATTACACCC,0.0,1.184
524,ATGTCAGTGCCTGGGTCTAG,0.3077,0.3548
525,AGAGCTGAACTCACCCAATG,1.8,0.3585
526,CTTGTGAAGCACAGCACAGT,0.4447,0.2336
527,ACAGAAGGACAGAGTTAGCG,0.9333,0.3106
531,ACCCTCGCCTCCTGTACTTA,0.25,0.2267
533,ATAGGCACGCAGTAGGCACT,4.5883,1.175
534,AGGTGGGAGCACATAAGTCC,0.0,1.138
537,AGAGAGTGGAGCCGTTATCT,0.0909,1.303
541,GAGGATACCCAGCTATGGTT,0.3077,1.324
543,GTTCAGAAGGATGGATCTAA,0.2593,0.6171
547,TGATGCACTAGTTACAACCC,0.0,1.283
553,TATCACACAGAGCTAAACGT,0.0,1.114
554,ACTCCCTGTACAATATGGTT,0.0,1.113
556,AAGAAGTCAGCGTAATACCC,0.6818,1.316
558,TATATATAGACTCTAACCAC,0.0,1.213
559,ACACCATATGGGTACACCCT,1.1179,0.5825
560,AAAGTGTGTATGGCTAGATC,0.3,1.193
561,GGATTCCATAATGGTCTACT,0.75,0.565
562,AGATTCAATAATGGTCTACT,0.4375,0.4586
564,GGATGGCTTAGTAACCAATC,0.0,1.313
565,AGCAGGCACATCCTCCCAGC,2.974,0.7983
567,GATTGTGGAGGGGACTGACA,0.664,0.5929
568,TAGGCATGATAGTACCAACT,0.0,1.129
569,GAAAGGCTCGGGCTATAACA,0.2593,1.167
570,AAAGACCACTAACATATACC,0.5333,1.007
571,AACGCTGCAGAACCATACAT,0.0,1.112
572,TGTTGTGGATCCTCTACTCC,0.2593,0.4007
575,TGTGCTAGTGGAATCTATGA,0.0,1.115
576,AGGCTATAGACTCCTATCGT,0.0,1.23
578,GCCCTTGTAAGGTTGAGCGT,0.1333,0.8985
581,TACACCACCCTGCATCGCTC,0.5333,1.193
582,AGAAGCGAGCAACCTAGATC,0.0,1.112
583,ATTCTGTACTCATAACACAA,0.3333,1.043
585,GCCACACAAAGAAACACATA,3.2569,0.4227
586,TGTGGAGAAACTATGTGCAG,1.3779,0.775
588,TATTAGAGTGACTACTGTTT,0.7926,0.4989
589,TATACAGATGGGTCCAACCA,2.017,1.045
590,TAGTATAGATATGCCACTGA,2.2857,0.5484
591,TATGCTTAGTAGGTACTACT,0.6364,1.195
592,GCAGCTACTATAGCCTGATA,0.75,1.046
594,AGTCGATATAGTGTCAACCA,0.0,1.196
596,ACGTAAGGTTAATACAACGA,0.0,1.117
598,GTTGCAGGTCTACCCTAACA,0.0,1.188
599,CAGGGGTCTACTTACAAACA,0.8,0.6811
600,GTTATGGGTACTCATTTATT,2.1239,0.2916
601,ATCTTCATCAAGCACAGTGT,0.69,0.6745
603,ATACGTGGGAATGTCCTATT,0.0,1.204
605,TTGGATGGATGACATGTCTC,0.5714,0.3117
606,ATAGACTGTAGACTAATACT,0.0,1.441
607,AAAGTAAGTTAGCTAACATC,0.0,1.129
608,ACGTGGTCACACCTAACGCA,0.4667,1.247
612,ATTATATAGCTAGCTAACTC,0.5593,1.278
613,ACCTCATCAAGTGTAGTGTA,0.8,0.5712
614,GTAATGGGTTAGCTTATGAT,0.0,1.41
616,GCTACTATATAGAACCACTC,0.0,1.201
617,AAAATTAAAGGGCAATAGAG,0.9059,0.2871
618,TTACTGTCTAGGGACTACAT,0.0,1.199
620,TCTATGAAATATAAAAGCAC,2.1694,0.3512
623,GAGCGGGGTAACCATGGATA,0.25,1.16
624,GGGTAATGAGGTGTGACAAC,0.2593,0.4839
626,ACTGTTATAAAAGAATGTGA,2.8167,0.8104
627,TATACTTAAGGCACTCTACT,0.8268,0.4602
630,GCTATGGGCAGCCATACGGA,0.039,1.185
631,TGAACGCTACAGTTACAGAC,0.0,1.139
632,AATTAGAGTGAGCCTAACAC,0.9333,1.255
635,CTGAAGTCGGATGAAGCAAT,0.9231,0.4873
637,AGGTAGCGATAGTTATTCCC,0.0,1.477
640,ACAGACAGAAACCTGATATT,0.7919,0.9337
641,GTGTCGTGGTATGATAATAC,0.0,1.284
643,AATAACGCAGCAGTCCTATA,0.0,1.327
644,GAGCGGAGTAAGGATACCAA,0.0,1.256
645,AGAGTAATGTCAATATGCCC,0.0,1.328
647,AAGTAAAGCCCGCTAAACAA,0.0,1.13
648,TTGATATAAGGGGTGCATAG,0.7619,0.6982
650,ATAAGAGGTGCAGTCTACCA,1.8599,1.007
652,TAAAGCAGTAGGTCAACCAT,0.5385,1.242
653,GGTATCACACTAGCTTACCC,0.7222,0.7969
654,ACAGAGATGATTAAATGACT,2.1068,0.8395
655,ATACAGGCTTCCGTGACCTC,0.2759,0.8346
656,AACGGGGATCAATATACCAC,0.0,1.115
657,GGGCCAGATCATAAGTGGGT,0.9231,0.9801
658,ACACGGTATACTTACATACA,0.0,1.288
659,TATATACACTAAGTACGACC,0.5,1.005
660,ACAAAATTCTAAGACAGTAT,1.2957,0.2845
661,GAGAGGTAGGACTACAGATA,1.789,1.55
662,AGAGTACAAGATAACAGCTC,1.7458,1.425
663,GAGATCGAGAGACTACCCTA,0.0,1.34
664,AGAGCGATAAGAGATCCTAC,0.0,1.159
665,GTACAAGCCTAGCATACCTC,0.2143,1.033
666,GATATGGACTAGATAACACT,0.7208,1.274
668,TTAAGTATGACGTTACCTGG,0.3077,0.4321
670,AGAACCGTGTCACTACAACT,0.0,1.175
671,AATTCCAGGAAGTAGTGTTA,0.0,1.192
672,AAAATGACAGAGTAGTATAT,0.2609,1.306
674,ACTGGGTAGACACATTATAC,0.0,1.36
675,AGGGGGGTGCAGGCAAGTGG,2.2179,0.6229
680,ATGACGTATACCCCATCATA,0.0,1.208
681,TAACAGCATAGTCCGAATCC,0.0,1.187
684,CAGCACCCAGTGCTCCTGCA,0.75,0.5912
685,GCTTCTTCTAAAGAGTACAA,0.9231,0.8417
686,GAATCTGGAACACTGTACGT,0.0,1.166
688,GGAAAGTGTATGCACGTAGT,0.039,0.8131
693,TAAGCCTTCCAACATTGTGG,1.6061,0.6958
694,GCATGCAGGCACGTATACAC,0.0,1.302
696,TATGCTGAGTCACATACAGT,0.2727,1.078
698,AGAGCCTAAACAGTGCATAT,0.0,1.202
700,GAGCTATTGAAATAGATCAG,0.8824,0.7323
701,AGAGTCGACACCCTGTAACT,0.0,1.152
702,TAAGTATCTAAAGACTACGA,0.7143,1.273
703,AATTAGACTCACCATAAGGT,0.4136,1.094
705,AGGTTTATCAGTCACCTCTA,0.8,0.9522
707,AGGACGTCCTGACTTACATA,0.0,1.125
708,ACTGTAGAGAGTAATACTCC,0.8571,1.115
709,AGTGTACCATCATTCCACAA,0.5714,1.103
710,AAGTCTACAACACCCCAGAT,0.65,1.002
713,AAGACATGTCCTTGGTTGTG,0.3889,0.2013
718,GAGACAGAGTTAGGACTCTA,0.6429,0.4758
719,TTCTGCTACTTACTATACCC,0.2593,0.9062
720,AAGTTGACTAAGATTCTGTG,2.6333,0.6617
721,AGGAGTACGATACCCCCAGA,0.0,1.114
724,GCTATCTTCACGCACATATC,1.0846,0.8249
725,GTTAGGGTAGCACTTCTCAT,0.0161,0.9189
726,TTGAAGCCCTGGTAGTGTAG,0.0161,0.3968
727,AAAGTCAGACACTATTATCC,0.0,1.206
728,AGTAAGGTAACGCTTATTGT,0.75,1.012
729,ACAGGGGCTCGGGCATCTTG,0.3462,0.6899
731,TAATCCAGATTACTCTACTT,0.7,0.9913
737,GTAGGTAGACACTATACATT,0.625,1.222
739,AGAAGGCTATAATCCATGTC,0.0,1.141
740,ACACCCGTCTATGACATAGT,4.6409,1.177
741,TATTATTAGGCCAGTAACCT,0.3636,0.2795
742,GTGTCACGCTAAGTCCCATA,0.8125,1.063
745,TATGGGGTTAACTCACATGC,0.0,1.193
748,TAACGATAGCAGCTAATACA,0.0,1.245
749,GAACTACCAGGTATATATTC,0.875,1.025
750,TGGATGTCTAGGTACTAAAC,0.0,1.129
751,TATAAGCCGCGTGAGACCAA,0.0,1.113
753,AATTCCTGGACCATACATCC,0.0,1.19
754,TGTCCTACGTAATTCCTCAG,0.5,0.8162
756,GTAGAATAGACCTTATACTC,0.0,1.368
757,AAGGATGGTTCACTATGATC,0.2593,1.184
758,GTATCTGAGCCTGTGTTATA,0.1389,0.8207
759,GCCATGTATAGGTCTCTGGT,0.0,1.228
760,ACCATGGTTCAGTCTAGTAC,0.5385,0.7425
761,TCTGACTTGATACTACTCCC,0.4,1.136
766,GAAACGTCTAGTGTAAGCTC,0.0,1.252
768,ATTGCCAAAGAGAAGTTACT,1.768,0.7384
769,AAAATGATGTCAGGAAGAAT,0.0222,0.352
770,AAGTAGGGAACGTAGAACCC,0.0,1.364
771,GAGAGTATGAACGAGAGTGT,0.8,0.9324
773,ATAGTAGGTAATCAATACGC,0.0,1.123
774,TAGAGGTGGAGCCTAATACA,1.4453,1.592
776,AGGATTAGCTCATACCGCTC,0.0,1.312
778,GAAAGCGTTAAGATCAACCT,0.9286,0.6597
781,GTGTTAGGTTCATAGCTGAA,1.2833,0.5007
784,TATAACAGCTCCTGAGTATA,0.6,0.4157
785,AATATTCCTGAGTTAAGTTA,0.5714,0.8047
786,GAAGTACTTATGCTCAACTA,0.0,1.223
787,CAGCTACCTGACTTGAGTTC,1.5921,0.4519
790,ACAGACTGATGTATCAACCA,0.0,1.379
793,TGAATCATCCAACAGATGGT,0.2593,1.186
794,AGGATAGTCTGTCAATCATA,0.65,0.7049
795,ACCTCACCATCTGACAACAT,0.25,0.4814
796,TGTATATTAGTCCACTACCA,0.0,1.201
797,AGACAGGACATACATCGCTA,0.0694,1.573
798,ATGTCTGTAACGATCTGTGT,0.0,1.306
799,AAGGTCACATGTAGAATCCA,0.3636,1.361
803,AGTGCTTAGCAGCATCTTAA,1.9362,0.4643
805,AAAGTAGTATGCCTATATAC,0.0,1.361
806,TAGTGCGCATAATACCAGAC,0.0,1.137
808,AAATTAGAGTCGTAGAACAT,0.0,1.118
810,CAGTTCCTGGGTTACTTGGT,0.9091,0.4187
811,AGTTGGCTTAAGTTCAACTA,0.5385,1.085
812,GCTCCTCCAGCATGTAGTCT,1.0048,0.2173
814,TAAGGGCAATATCTAATGTC,0.5714,1.208
815,AAACTGTTGATAGACTATCC,0.3333,1.056
818,GGACTAGATGATAGCTATAC,0.3333,1.103
819,TAACAGACAAGCAGGCAGTA,3.4586,1.092
820,ATATCTAGTATGATAGACCC,0.0,1.241
821,AAAGTATGACAGTAGTTGTT,0.9412,0.8692
822,GTATTGTCAGACTACAATGT,0.0,1.358
825,GAATCCATGAGCATAATGAA,3.5622,0.6806
827,GATGTCAGACTGAGAAGAAA,2.7669,0.4042
829,GTAATCTCACGAGTCAGCTA,0.0,1.178
830,TAGTAGAGAGTATGGTCTGC,0.6667,0.8415
831,AGTGAATGAATACTTGGGAG,2.5268,0.4725
832,GATGTCAGGACACACCACAT,0.9286,1.029
834,ATATAAGAGTACCCCACATA,0.0,1.25
835,ACTGAAGGTTTGAAGATTGA,1.3214,0.2239
839,GGCCAAATGTGACACTCTGT,1.227,0.5097
841,AGGGGCACCTGGGTTCACGA,0.3098,0.8708
843,GCAGTATACTGAGTCTACAC,0.0,1.265
844,TAAGTTAATACCTGGGTGTA,0.4375,0.2808
845,ATACAGGCAGTTCCCTACGT,0.0,1.224
846,TGGAACGGAACAGTACGGAT,1.2381,1.071
849,ATAGCACTATGACCCCAGTA,0.5714,1.197
851,AGGGTTGCTAGGCATAAATC,0.05,1.15
854,CTATACCCAGATATAACGTC,0.4667,0.7652
856,ATTCTGATGATAGAGACTTG,2.8337,0.5495
857,TTATGGCATGTTGTATACCC,0.3,1.244
859,ATATAGTGTCACACTCCTGT,0.6352,1.003
860,TTAAGATATAGGCATGACTA,1.267,0.4825
861,ACTAGAGTCCATTGTCACAT,1.9383,0.5993
863,TGAGGCCACTGACAACACGT,0.0444,1.188
864,GGCAGAGCCAGAAAGCACTG,3.9384,0.1928
865,GATGCTACATATGATAGTAC,0.0,1.316
866,AATGATGGCTAGCCATGTAC,0.0,1.306
868,ACAGTGAAAACATACTACCC,0.5294,1.155
872,AGTTACCTAGATGAGAATAG,0.0,1.337
873,ACAGCCCATAAACCTCACTA,0.0,1.26
875,TAGATTAAGACTGAATACGC,0.0,1.412
876,GATTATGTTATGCTCATATA,0.5714,0.2646
877,AATGCATATACACTAGTCTC,4.5203,1.294
879,GGTCTGACCCATGTGCTATA,0.0,1.15
880,AGATCTTGAGTGCCAATGAG,0.3846,0.9299
881,CAGGTTAAGAAAGCAGGATT,2.2427,0.2362
882,AGAGTACTGTGATATAACAC,0.2609,1.208
883,TAATACATGCCCTAGCACAT,0.75,1.047
886,CCATAGCAGGCCCTTCACAG,1.0037,0.9412
887,ATTGTCCTAACCCTAAGGAT,0.0,1.194
889,TCAGTGGATATAGATTAGCG,0.75,1.045
890,ACTGCTGAGCGCCTAAATAT,0.2069,1.227
891,GTTGTTCAATACACTCTCCT,0.8571,0.2326
893,AATTGCCTTTGTATATCCGA,1.6983,0.2867
894,AATAAGAACAAAATGTCCAC,1.3632,0.5376
897,GCTGTGTGCTACCCCATACA,0.0,1.332
900,TTAGTGCCCGGGTAGGATAT,0.64,1.074
901,GGAGTGTTGAGACTAAGCGA,0.0,1.195
902,TACACTCCAGAGCGCATCAG,0.4286,0.2566
905,AAGGTGACCTGATATCACCT,1.2946,0.9327
906,CCAGTGGGTAGTGTCTAGTG,0.2333,0.6098
907,ATTGTTATAGAACATCACCG,0.0,1.158
908,TAGTGAGCCTAGAAACCCGT,0.0,1.112
909,ATTGCATAGAGTGGACAGTA,0.2273,0.7717
910,GTATAGCTAACTCTAATAGC,0.2857,0.6996
911,GCTACTACTAGACCCAGATC,0.6,1.372
914,TTTGTGGGTACATCTAACCC,0.3333,1.035
917,AATGATAGGTAAGGTAACGT,0.0694,1.13
918,TAGCTAGGGCTGTCATAATA,2.659,0.6819
919,ATAATACTGGTATACTCCAC,0.3,1.377
920,AGGCTTTCCCAGAGAAACCA,1.4135,0.5983
923,GTATAATTAAAGAACAGCGT,0.6667,0.5959
925,AATATCGACAGACCTACCAA,0.0,1.369
926,CAAGGAGGAAATTAGAATAT,1.9385,0.572
927,AAGAGGTCAACATATAGTTC,0.875,1.088
929,AGTGTAGGATGCTAACAGCA,0.64,0.9255
930,AGAGTGGAGCAACTATGGAT,0.0,1.24
931,GCACAGCCATGTATCACGTG,0.5185,0.7576
934,AATCCTAGGAGGTAAACCTA,0.0,1.341
936,AGAGCTTAGTCTCAATTACT,0.5723,0.951
938,CTGTGATGGCACCCTTCAGA,0.8291,0.5732
939,ACGCTGTAGTCCTCTAGATA,3.8235,0.7095
940,ACAATCACGAGCCATCATAT,0.5556,1.218
941,CACAAGCGGGGTGTCTGCAG,0.4706,0.3394
942,AAGGCGTTAATCCAGTGCTA,0.6667,1.114
943,ACATTCTAGCCCTAGTTGTA,0.039,0.5799
945,TGGATGCTGATTGAGGTATT,0.4,0.6595
946,AGTTAGGTTGGAGTCAGTCA,0.625,0.3899
947,GAGTAGTGAATCGTGAACCA,0.0,1.145
949,CAGACACGAGGCCTATTGTA,0.0,1.234
950,TTGGCTGGAATGAATAGATG,2.85,0.5708
951,AGAGTTAGAAGAACCTAATC,0.9091,1.269
953,TGTCCCATAGAATTATGTCA,0.65,0.7866
954,TGGATGGTGAGGGACTTAAA,1.3385,0.6319
956,GATACTGTATCTCACTTTCA,1.6774,0.2825
958,TCCCCTGCTTGGTATATCTA,0.6,0.501
959,TCTTCATATAGGAAGAGCTA,0.0,1.149
961,AAAGAATGAAAGAGGCCTAT,1.6833,0.6748
964,GCAGCATAGACTCTAACATC,1.116,1.142
965,GATAACTTATAAGACACCCC,0.0,1.15
966,GAAAGGAGCAGATTACTACC,0.039,0.6106
967,GGTTCCCATAAGGAAACATA,0.2143,0.7233
968,ATTGCTTGTACTCTACCATA,0.0,1.124
970,TCTGTGCATGATGGGCATGA,0.9067,0.7832
973,GAGGAGTAGAGACACTACAC,0.4286,1.498
975,GAAGCTAATAAAGTCTATGC,0.0,1.298
976,AGGGCTAGCTAATACATCAA,0.5333,1.302
977,TATGGTAATACCCAACATCC,0.0,1.151
978,AATGGACCCGTGCTCTAAGA,0.4,0.298
979,AGACAGAAGGCTAATAACCC,2.2175,1.226
980,AATGAGTGGTATGTTAGTCC,0.5885,1.134
981,CCATTGTATTAGTAATCTCG,0.4286,0.3038
983,GTGACATGCAGACCTAATGC,0.1765,1.145
984,GATATGCGTATTATATCACA,0.0161,0.9277
985,ATAGATGTGGTATATAGTCC,0.0,1.256
988,AATGTCATTAGACTTCACGA,0.0,1.289
989,AATTAGTAGTACCTTAATGG,0.0,1.126
990,TAAATATGAACCGTTCACCA,0.0,1.332
991,AATAAGCGGAGAGTAACCCC,0.0,1.109
992,AATAAGTCGTGCTATTGTGT,0.0,1.156
993,GATATGGTGTTCATAGATAC,1.2857,0.9107
994,CTGGTTGGAATGGTGTAGTG,0.5714,0.2273
996,TGAGCTCTAACACTAACCTA,0.9,1.249
997,GCTCCTCTGCCAGGACTAAG,0.6872,0.5039
999,AATGCTACTGGAGACAACTT,0.2143,1.094
1000,GGTTGGAATAGTAGCCATAT,0.9474,0.7171
1002,CTGGTGTTATAACTATACAG,0.875,1.04
1003,AGTGTGTCTGCGTATAATGA,0.0,1.176
1004,ACACTGGTATACACCTATGT,0.8571,1.259
1005,GTGCTGTGCGGTACATTGTA,3.4316,0.4668
1006,GTAGCTGGTATCCATCGAGA,0.0,1.275
1007,AGCAAGTTAAATATACAGTT,2.5293,0.4148
1009,CCTGCCCAAATGGAATGTAT,0.0222,0.2719
1012,AGGCATAGATGAGATCGTAT,0.2353,1.212
1013,ACGATCTACAGAGGCCTCGT,0.6875,0.3954
1015,ACAGTATCAACCTTAGACCT,0.8824,1.126
1016,CAAGTGTGTAACTACCATCA,0.2143,1.074
1019,TTAGAGATAATAGTACGACT,0.0,1.297
1021,ATAACTGTAATATCCTGATC,0.25,1.062
1022,GAAGCTAGATATGTTATATC,0.0,1.181
1023,GTGATGATATAACACAAAGA,3.0627,0.6929
1025,AAGCAGTGGACAGATCGTTC,0.0,1.166
1026,ATAGTATATTCGGTGAACAA,0.0,1.267
1027,ATACAGCAGCTAGTAGCATT,0.0,1.129
1029,ACTATGTACCTATAAAGCGT,0.0,1.128
1030,TAACTTGTGGGCCTTATAGT,0.5714,0.9348
1031,CCAGAGACAGAATGTCTCCT,0.7094,0.3662
1033,AGACTCTTATGTTAGCCCCA,1.2,1.449
1034,GATTCCTTATGTTAGCCCCA,2.8571,0.8993
1036,CCACAACAGAACAAGCACAG,2.0615,0.2207
1037,ATTATCATTCTAGTGTACCC,0.1429,1.198
1038,GATTATGTCTCCGTACTGTA,0.0,1.129
1039,AAGTTCCAGGAACCACGCTC,0.0,1.147
1041,AGATAAACATTCAATCACCC,0.0,1.128
1042,GGATAAGAACGATAGTCCAA,0.0,1.115
1044,GAAATGATCAGAGTACCATA,0.6,0.8462
1045,ATATACTAGAGCCAACTATA,0.2593,1.189
1047,GGAATCCTAACCCAATATGC,0.2143,1.008
1049,TTGAAAGTGATACCCTAATA,1.0,0.4248
1050,ACCACGTAATCGGTATATAT,0.0,1.296
1051,GCATGCTACACAGCGAGTGT,0.0,1.153
1052,ATGGACTAAGACGCAAATGT,2.7692,1.203
1054,AGAGCCTTCCCTAACACACA,2.0286,0.9307
1056,ACTGCTGCTAGTTCAATACC,0.0,1.143
1057,TCAACTCAAAGACTAACAGC,1.3364,0.8981
1059,AACCAAGAAAGGTACAGTAG,1.3143,0.466
1060,GTAGGGGCCAAGAACCTATA,0.5934,1.079
1062,AATGTGTACTAACCACTCTA,0.2632,1.128
1063,ACAATGCTGATAATCCCACA,2.6976,0.8809
1065,ATGCGAAGTGAACTCTAATA,0.3,1.047
1067,TTGGACCACTCACTACACTC,0.72,1.149
1068,TACGTGTAAGGACTACAGTC,0.039,1.144
1069,AGGCTGACTCCAGAGGTCAT,1.7231,0.9654
1070,AACTGCCTTCAAGAGGTCAT,0.1429,0.4254
1071,AGAGCATACAGAGCCTACTC,0.5882,1.15
1073,ACCCATATGTACCTAAGACC,0.0,1.292
1074,GGACCACATGGACTTTGAAA,2.2456,0.2382
1075,GCCATACCATACGACCTGCA,0.2593,0.7161
1076,ATATGGCTCTCTAGAGACCT,0.75,0.8208
1077,AGCAGCGCAAACCATCCCAC,0.5,0.8065
1080,ACTATAGGTGTCTCACAGAG,0.4984,0.8299
1081,TATGGTCTAAGGGACTCCTA,0.5714,0.7572
1082,AAAGACATGACATACAGCTA,0.0,1.158
1083,ACTGCTGTTATTATGGGTCA,0.2105,0.3007
1084,TCTGTTCTACCCACTAACAT,0.5385,0.6367
1085,TCAAGGCTATCTGGGAGAGT,0.0909,0.4841
1086,GTGCAGGTAGATCTATCTTC,0.9474,0.845
1087,AAGGCCAGATCATTAAAACC,0.2,1.001
1088,TCTGGGTATATGAAGTAGAT,1.5542,0.6056
1089,CGTATACTACCTCTCCCCAG,1.1529,1.096
1093,AAAGGGAGATTACCCTGATT,2.4353,0.8068
1094,CTAGACTCGAGACAACTCCA,0.0,1.223
1095,GTAAGAGAGACCTTACACTC,0.7365,1.257
1096,ATAATTGGAACCTTACCACC,1.4,1.03
1098,AGAAGGATGTACCAGACTAT,0.0,1.275
1099,TTGTGTGGTCTGGTATACTA,0.7857,1.055
1100,ACAATAGTTAACTATCACGT,0.6364,1.206
1101,GAAGAAGGAGAACAGTAAGG,1.3221,0.5521
1102,AGAGTAATGACCAATAATGC,0.05,1.014
1104,GTAGCTTATAAGGTCTAGTA,0.0,1.15
1106,AGAAAGCAGCATGACACCGT,0.0,1.141
1107,CCATGGCCATGGTTAGAGCT,0.1333,0.2003
1113,GGATCCAAGGCTGAAAATGT,1.9892,0.6861
1115,GACTTCTGGTTAGAGAAACT,4.6258,0.5205
1118,GGTTGAGTCACATGTACACT,0.0222,0.2967
1120,AGATAGGGTCGCTATCACTC,0.0,1.241
1122,TCATATTTATAATAGAGTAT,1.5628,0.2419
1123,GTATAGCCACCCTCATTTCC,1.2917,0.5927
1124,TTATCACCACCCCTATGGAT,0.2069,1.184
1126,AGGCTGTTAACACTAACTAG,0.8,1.103
1128,TTAATCATAACAGTCTACCC,0.0,1.237
1129,GCATCCTTCTCCATATGGAG,0.875,0.3227
1133,ATGGTCTATTATGCCTACTC,0.7333,1.189
1136,AAGGTACTGCAGTTCTACGA,0.0,1.246
1137,TCTATAGTGAGGCAGCACAT,0.0,1.263
1138,AGGGGAGGTCACGGTTTACC,0.4444,0.5442
1139,GAGCTCCTAACACCAACAAG,0.6667,0.417
1140,CAGATGTGACCGTTACATGG,0.0,1.113
1142,TGTGAGGCTAAATACACCCC,0.0,1.184
1143,TAGCTCCTGATTGTAGGAAT,1.25,0.7301
1145,GTTCTCGGGACAAACAACCA,0.3333,1.18
1146,TCATCGCTCACACTAAGCAC,0.0,1.184
1147,AGGATGCATAAGTCACACGT,0.0,1.212
1148,AGAGCTGTGATAGCTATACT,0.0,1.268
1149,AGGATCTCATGATCAAATTG,0.9667,0.4263
1150,AAACCATAGAGATTAAGCTT,0.6875,1.014
1151,GAAGCAACTACTACTCTACC,0.1905,0.7787
1153,CAGACTCGTGAGCTAAATAG,0.0,1.155
1155,TGGCTGGAGATCAACCCAAC,1.0,0.4044
1156,AGTATATACCACTCACTCTA,0.1538,0.9289
1157,TATGGATCAAGAGACACTAC,0.875,1.117
1158,CTTGGTACATATTACCCGAT,0.65,0.5051
1159,AGTTGGATAAACCTGATCAG,0.4375,1.374
1160,TGTATAAGGACCCTACATAA,1.4202,1.362
1161,GCATAGGTGTGTGTAACTAT,0.0,1.247
1162,AACAGTACAATATAGCTGCA,0.0161,0.5926
1163,TATGAGTTCCAGGCCTACCC,0.2593,0.7059
1164,GTGTCCCGAGCTCTGTACAG,0.6667,0.6863
1165,GTTGTAACAGATGTACTATC,0.9333,1.138
1167,GTTGGGTCAAGACACCATAA,0.5882,1.167
1168,TATAACACTCAAGTCAACCC,0.2857,1.303
1169,AGATAGAGGGTGCTAAATAC,0.9333,1.541
1173,ATATAGTGCTGCTACCACTA,1.3068,0.9601
1174,AGTTATAGGCTCTAGATCAA,0.5714,0.9912
1175,TGGCAGCTGAGGGTAATTAC,0.1176,0.6496
1179,GTCAGCGCCCAACATCTAGA,0.625,0.3687
1180,AGTTCTTAGGTGCATTACCT,0.7,0.2708
1183,TGAGCATAGCACATCATCCC,0.7333,1.085
1185,AGTGACGAAAGCATCCCCTC,0.0,1.107
1186,GTCCTCTGTTCTAGAAGGGT,0.4483,0.6253
1187,TGTGTACTAGACCCCAGATC,0.0588,1.19
1192,TCAGTGAGTGACGTCCCACA,0.0,1.184
1195,GATAAGAGTACGTACTACTT,0.4667,1.094
1196,TTCATCGTCATAGTGAACCA,0.1765,0.7958
1198,TACATGGTCTATAATACCCC,0.0,1.194
1202,GATGTTAGTTACCCCTGCCC,0.3686,1.112
1203,ACTGTATGGTGTAATCAATC,0.0,1.21
1204,TATCTCATAGCATGGTACTT,0.7708,1.015
1205,TAAGTTCTAGGGAACTATAT,0.0,1.297
1206,AGTGAGTTAACTCTACACCC,0.0,1.123
1208,AATAAGCAACCTGAGCTCAA,0.6364,0.7331
1209,TACCTGTAGTAAGTTCTAGA,0.5882,0.7728
1211,AGAGAGCTTGCACCCAATGA,0.1765,0.3964
1214,GAGACTCAACTAGACACATC,0.0,1.125
1215,GCAGAGTATATACATCCATC,0.0,1.311
1216,AGAACCTTCCAGCACAGACA,0.914,1.132
1217,GTACCTTAGGAATTACGAAT,0.0,1.317
1218,TGTTACTGAGAGTGCCTATA,0.7521,0.4249
1220,TGAGGGAACAGAGGCTTGAA,2.7029,0.976
1221,ATACGGTATATCTTAGCACA,0.0,1.154
1223,AGTTCTGCAGAGTACCATTA,0.0,1.112
1224,AGCGTAGAGCCTGTGGACCA,0.7143,0.7877
1226,TGTGTTGTATGATAACACGT,0.0,1.142
1229,TTATTGTCCACTGGATCCCC,0.5385,0.7356
1230,ATTGCTACCTCTAATTGCAA,0.8571,0.5667
1232,TAGCAGCAGACCTACGCTGT,0.0667,1.101
1233,ACAGTAAGTGAATCCCACAC,0.9286,1.196
1234,ATAATTGAAACAGTACCCTA,0.6667,1.384
1235,AATGTAGGCAATAACTATGC,0.0,1.158
1236,ACAGACATGGATGATACCCT,0.5,0.9556
1238,TTACTACATGCTGTCAGCCC,0.6333,0.6392
1239,GTACCCAAGGATGGCTATGT,1.125,1.029
1240,TAGTTTCATAATCTATCATG,0.4667,0.3994
1241,TGGATGTATCAGCTTACATC,0.7667,0.5781
1243,GTGGTAGGAAACCTTATCTC,0.5294,0.9966
1245,TTCGTAGTTATGTATCTCTG,0.5333,0.2677
1247,GGTGACTTGAGCCATCAACC,0.9,1.131
1248,AAGCCCTTGTGCACATACTA,0.8,0.6565
1252,AATTATGAGTAATACTAAAT,1.4815,0.2182
1253,GGCTCGGGAATACCATGAGT,0.0,1.134
1255,TATCTGTGTAGCATAAGATC,0.7857,1.201
1256,ATACGGAGTCAGCACAACCC,0.0,1.22
1257,GGATAGTAACTGTACTTCAC,2.1299,0.9542
1258,GTAGTTAGCAACCTTAAGCA,0.4286,1.122
1260,AGAGACTTCTACCTAAGCTC,0.9333,1.284
1261,ATCTCCATGTCATGGTATCT,0.8,0.5822
1262,GGTGGGCTAAACTACCTATC,0.0,1.114
1264,GAAATAAGTCAACTATCCCC,0.0,1.39
1267,GGATAATCCAGGCTAAATCC,0.0,1.156
1268,GCTCGTGGCTCTATAGTCAA,0.8018,0.3574
1269,AGAAGCACACCGTAAGTGCT,3.3833,0.7521
1270,TGAGGACCACTATTAAACAC,0.65,1.034
1271,ATATAACCTATGCACATATC,0.0,1.117
1272,GCAGAATGAGGTCCCTATAC,1.5515,1.026
1273,AGCCAATACACACATTCCCC,1.5905,0.7881
1277,TGAGCAGGAAGGTACCCCAT,0.0161,1.058
1278,AGTAGTAGTATTATCCACCT,0.0,1.169
1279,TGATAGATAGAGTCATTCCA,0.0856,1.214
1280,AGAGTAAGGGCCCTTATGGT,1.4692,1.131
1281,ATAGACATGACTTAGTATGC,0.1429,1.514
1282,ATGTGGACTACATGGAACAC,0.9286,1.023
1283,TAGCAGCACAGATTAAATTA,1.1429,0.5064
1285,TTGTTACTAAGGAACCCCAA,2.5,0.5459
1286,GTAACTCCTAGTCAACCTTC,1.5286,0.5125
1290,ATAGTTAGCTCACTAATTCT,0.5625,1.181
1291,ACAGAGTCTTGACATATCCC,0.5333,1.081
1292,TGTATGGGTGTACAGATAGA,1.4667,1.111
1295,ACATTAGGGAGTCCATACTA,0.0,1.434
1296,TTATCTGAGGGTATATGCCC,0.2105,1.186
1298,ATTAACAAATGGCAGAGTTA,3.1878,0.6468
1300,ATGTATATGGTCCTAACTAT,0.0,1.136
1301,TCAGTAATTACACTACTACC,1.5736,1.091
1302,AGGCTGTGCAGGTCAGGCTC,0.8783,0.5847
1303,ATAGTTGTAACCCTGTGCTA,0.5714,1.346
1305,ATGGACAGCAGAGCCTATAT,0.0,1.193
1306,GTACTTAGCGAGCTCTTCTA,0.4,0.9411
1307,AGAGCGTATTTGCTAAACCA,0.0,1.242
1309,AGGAACAAATTAGAAAGTCA,1.3308,0.3192
1312,CAGTGGAAATGGAAGCTTGT,0.2105,0.4966
1313,AGACAGGATAAATCCTATAC,0.0,1.304
1314,GGGACCAGTAGGGTATCTCA,0.0,1.284
1315,TAGGAGTATCAGTACCTTAC,0.9,1.068
1320,AGTGTGTAGTCTATTCTACA,0.0,1.24
1322,ATAATCCAAACTGGAAATTA,0.9172,0.347
1323,GAATATGACCACCCTCACAC,0.0,1.166
1324,TTAAGCAACTTCTATAGTGC,0.6944,-0.3759
1325,ATAGATAACTGATACAACCA,0.8973,1.548
1326,GGAACTTACTCCATCCAATT,0.0909,0.6058
1328,TAAATGCTATAACTCTACCC,0.0,1.246
1329,AGTAGGATCACTCCCATATA,0.3333,1.198
1331,AGAACCTACAGACTTAGTAT,0.0,1.165
1332,GAGTTCCGAACTGATCAACT,0.0,1.129
1333,TAATGAGTAATAGACCGTGA,0.0,1.381
1334,AAGGTGCTAACTCCCATACA,0.0,1.294
1336,CACGGCCCTGGTTAGACTGG,0.4286,0.5478
1337,CCATACGTGATTGGTCACCA,0.72,0.6098
1342,TAAGTTAGGATATTAGGATC,0.3333,1.014
1343,ATTGTATGGATATACCAGTC,0.0,1.148
1344,TATGCACAAGGGATTAACAC,0.0222,1.23
1348,ATACCATAAAGCGAGATACT,0.9412,1.001
1350,ATGCCCTCATTTGAGTACCG,0.5333,0.2488
1351,TTACCCTGCATAGTATGACT,0.2727,1.329
1352,ATATAGGCTATCCTAGATAC,0.0,1.316
1353,GAAGTCTCAAGGGTACACTC,0.0,1.257
1354,AGGAGTCAGGGATAAAGCAA,2.1925,0.3545
1355,AATGGCTAATGACTGCACGT,0.0,1.132
1356,GAAGCTGAGCCAGATTGAAG,1.4333,0.6548
1357,TAGTAGCCACATGACCAATC,0.0,1.162
1360,ATGCAGCGTTGAGCCCACAT,0.0222,1.157
1361,CTGACCACCATGCACTGGAG,0.375,0.3885
1362,TAGGACATTACTGTAGATAA,1.0,0.8701
1363,AAGAGAGGCCCAGAATATAA,1.6147,0.8869
1364,AAATACTACCAGCTCACATA,0.619,1.115
1365,AATGGGTCACTATACACTAT,0.2069,0.9678
1366,ATTGTGTAGAGCGTATACTG,0.0,1.142
1367,GAGGTTACAATATTCTACCC,0.0,1.143
1372,AGTTAATAGGAATCTAACTC,0.0,1.181
1375,ATAGCTAGTATAGCTAGTAT,0.4211,1.257
1376,GAGACTAGACGAGATAACCC,0.0,1.265
1380,TAAGCTATGCACCTTAATGG,0.0,1.17
1381,GGGTATTAGGACCTAGCATT,0.0,1.11
1382,AATATCATACACTATACCAC,0.5789,1.109
1384,AGTGTATAGGAACCAACCCA,0.6,1.332
1386,AGCACATCTACGAGTCTACA,0.0694,0.443
1387,TGAGAAAGATAGATGGAGAT,4.0478,0.3318
1388,CCATATCAGCACTAATAAGT,0.2593,0.3299
1389,CTGCCTCTGCAAGTATGGAT,0.962,0.6629
1390,ATTGCTTGCATAAGACACCC,0.2632,0.973
1391,ACTGACCCTGGGTTAATTGA,0.5294,0.7757
1392,ACCACCATGTATATGGTTCC,0.8571,0.3806
1394,TTCAGGTGACAAGCTCTACT,0.3889,0.4021
1395,ATAGGATACCCCTTAAACAT,0.0,1.228
1396,TGACACTGACAGGTCAACAT,0.05,0.7752
1401,TCATAGAGGGTCTCCTCATA,0.4667,1.058
1402,GATTAGACTCAACTCCAACA,0.1364,1.119
1403,AATATTAAGAAGCTACAACG,0.0,1.16
1404,CTAGCTAATGGCTAAGAGCT,0.4286,0.3246
1405,AGGTAGGCTATAGATCACTA,0.0,1.752
1407,GAAGTTTATAAGCTATCGAT,1.1333,1.238
1409,AGAGTAACCTCACAAAACTA,0.3552,1.163
1412,AAATGGCCTACATATAGCGT,0.875,1.134
1415,ATTTAATGTGATATGTACCC,0.0,1.144
1417,AAATGGTATAACTTATACTC,0.0161,1.284
1418,GAGAGAGGGACCCATTGTGT,0.625,1.209
1420,ACTGGCTGTATATACTACTA,0.2759,1.281
1421,GAGCTATCCATACTAAGTCC,1.3105,1.439
1422,TATCAGTAAGGAGTTACTGA,3.3299,0.9852
1423,AATGTCAGTATACACAAGAT,0.5,1.081
1424,TTAGGGTACATTATAACCCC,0.7132,1.254
1426,AGAGATCTAACAGTGTACTC,0.0,1.396
1430,AGAAGCGATAAGCTCAATGT,0.5714,1.332
1433,TAATAGCGAATCTTACACAT,0.0,1.129
1434,AAGTAGCCTAACCCTAATCA,0.2273,0.995
1435,ACGTACTGTGCTGTAAGACC,0.0,1.171
1437,AAATAGCAGCTCATAAGCTC,0.5559,1.071
1438,GAGTAGATGCTCCCCAATAC,0.039,1.051
1441,GCAGGGCTAGCCTAGCTCAT,0.4667,1.029
1442,ATCTTATCTGCCCTACACTA,0.0,1.171
1444,GTATTTGAGAGCGTGTATGC,0.0,1.288
1446,ACATACTAGAGGTTTAGCTA,1.1996,1.079
1448,AGAGGTTAGATTCCTGTCAG,1.3214,0.2742
1449,AGATATGTGTGTGACTAGCT,0.72,0.6989
1450,AGTTACATGTGGTCAAACCC,0.0,1.298
1452,TTAGGGCTGAGCATAACCCA,0.5294,1.408
1454,AGTTCTACGAATTGATACCA,0.0,1.163
1457,AGTAGGTATACTATAACTCA,0.4615,1.08
1458,AAATGAGATCAGGTACACTA,0.1333,1.284
1459,AGAGAAAGTGCCCTCTATCA,1.0765,1.075
1460,CAGGACTCACACCATAACCA,0.05,1.054
1463,AACCTCCATTGCTAGAGGAA,0.4286,0.4497
1464,AAATAGAAGATTGTACCATC,1.7333,1.204
1465,CAGATATCCTAGCACTCAAC,0.5385,0.3436
1466,AAAGTGACTAGGCCCTTATA,0.0,1.501
1467,GTAGTTTGTTATGCAGGGAT,1.5159,0.6539
1468,ATAGTTAGATGCTTATATCC,0.0,1.198
1469,GTGGCTATGAGACTTTGTAT,0.0,1.146
1471,GAGATAGTACCACTCCATGA,0.0,1.558
1472,AGTGAATGACAGGTCTAATG,0.9591,1.103
1473,GGGGAATGTCAGTGAATGAC,1.0,0.3438
1474,ACAACAATTACCCTATCACC,0.0,1.161
1475,GCAAAGAGCTCGCTATGACC,0.3846,1.089
1476,CTGGTGTGGGTAGAGGGAAT,1.739,0.3278
1477,CAAGAGCACTCACTATGGTA,0.3077,0.7824
1478,GGCCCCACAAGATAAATGAT,0.8,0.6225
1480,TCATACACTAGTAGCCACTC,0.0,1.187
1481,ACTGCCTGGATGGATACTAT,0.4,0.7491
1483,TAATCTAGCATCCCAAGACT,0.0,1.199
1485,GGTTAGCATTCTTAACCACA,0.65,0.4506
1487,GCAGGCAGGGTTGTCTAGGT,1.5,0.3044
1488,TAGCTCAGCGATTAATACTC,0.0,1.261
1489,GTATAGTTCGATGTACAGCT,0.0,1.272
1490,ATACCTCTAAAGGACAACTA,0.8,1.348
1491,TATTGGAGTCCTAAGTTCAG,0.6522,1.016
1493,CAAGGGAAACGAGATCCAGA,0.9,0.4878
1494,GATATACTGCGTCTAATATG,0.1364,0.5995
1495,GGTTACACTATAGACCCTAT,0.0,1.245
1496,GTTAGCTCCTCTCCTCACAA,1.5332,0.569
1498,AGGAGAGAAAGTCAATAGAG,2.8899,0.8786
