chrX:-:119072992-119074078;119074959-119075112;119076232-119076765
chr22:-:39960396-39960919;39963919-39964905
chr1:-:7364393-7370270
chr15:-:23324534-23326278;23326934-23328158;23328811-23328953;23329283-23329342;23330720-23330827;23330922-23331016;23331104-23331155;23332240-23332369;23334015-23334196
chr7:-:12496428-12496639;12525819-12525904;12528901-12529044;12531012-12531092;12538309-12538456;12540919-12541135
chr6:-:65301475-65301650;65302020-65306574
chr6:-:47656471-47656659;47663400-47663577;47673390-47673491;47677842-47677885;47678982-47679134;47680070-47680304;47681264-47682626;47686991-47687033;47690541-47690601;47693671-47693748;47694989-47697794
chr16:-:29808643-29809133;29810034-29812952
chr16:-:30182585-30183919;30184272-30184386
chr16:-:34265912-34267995;34267997-34268833
chr6:-:42155405-42155593;42162919-42163466;42173332-42173814;42178279-42178429;42178801-42178895;42179242-42180056
chr5:-:176063536-176063764;176089462-176089521;176090369-176090394;176093194-176093274;176093743-176093768;176096823-176096900;176097354-176097379;176098487-176098558;176099020-176099045;176101046-176101117;176101550-176101581;176103226-176103297;176103755-176103780;176106058-176106129;176106559-176106590;176108604-176108675;176109106-176109137;176113340-176113378;176113799-176113867;176113955-176114798
chr17:-:78315715-78317179
chr17:-:81337955-81345114;81345273-81346462
chr5:-:109687800-109689782
chr19:-:49017967-49018340;49018872-49019000;49019213-49019498
chr3:-:39212801-39212844;39214139-39214672
chr19:-:50776140-50776466;50785742-50785823;50785941-50786001;50786089-50786117
chr2:-:222314147-222320155
chr1_KI270711v1_random:-:4610-6370;6990-7102;7816-7989;8603-8655;9364-9537;10139-10191;10910-11083;11706-11758;12800-12964;14815-15109
chr2:-:118833699-118834132;118834346-118834403;118834487-118836146
chr13:-:63832360-63833053
chrX:-:140091677-140092911
chr13:-:44143149-44143922;44160602-44160931;44161144-44161257
chr11:-:89637468-89637647;89639236-89639342;89645002-89645189;89652495-89652597;89658618-89658744;89659537-89659724;89662149-89662243;89669404-89669503;89670389-89670475;89671886-89672006;89674086-89674169;89676104-89676168;89680608-89680676;89687346-89687438;89688583-89688674;89690881-89691146;89691446-89691528;89696632-89696725;89698409-89698718
chrX:-:104063870-104065984;104074240-104074357;104076139-104076194
chr1:-:16632278-16632371;16633094-16633346;16643027-16643145;16646658-16646683
chr1:-:26985756-26986343
chr1:-:50967882-50970099
chr1:-:162979550-162979793
chrX:-:49341163-49341255;49342295-49342387;49342852-49342973;49345796-49345922;49529868-49529982
chr1:-:244729700-244731015
chr8:-:141514670-141514775;141518215-141518729
chr10:-:650034-650178;650290-650442;650787-652655
chr8:-:144463824-144464612;144464808-144465096;144465352-144465492
chr10:-:6824274-6825937;6826610-6827906
chr10:-:14838305-14838459;14839904-14839985;14840074-14840157;14842133-14842846;14843370-14846999
chr8:-:144449930-144450770;144452358-144452570;144453221-144453460;144464459-144464612;144464808-144465492
chr11:-:3437518-3437866;3443634-3444950
chr9:-:34664162-34665190;34665313-34665373;34665612-34665680;34665977-34666045
chr7:-:150408274-150408488;150410159-150412470
chr2:-:95207710-95207834;95208647-95208736;95211617-95211720;95212192-95212282;95259075-95259144
chrY:-:1391992-1392341;1395129-1395548;1396371-1396881
chr15:-:28553567-28553766;28555412-28555541;28556626-28556677;28556765-28556859;28556954-28557061;28558431-28558490;28558820-28558962;28559618-28561379;28562035-28563779
chr10:-:122672849-122672927;122675640-122675670;122676755-122676891;122678846-122679494
chr1:-:178722334-178726237
chr15:-:28347850-28349594;28350250-28352011;28352663-28352805;28353135-28353194;28354571-28354678;28354773-28354867;28354955-28355006;28356092-28356221;28357867-28358084
chr19:-:18250033-18250177;18250311-18250472;18252063-18252471;18255219-18255419
chr16:-:34351504-34353684;34355566-34355729;34360432-34360599;34364658-34364778;34365364-34365416;34368550-34368586;34371563-34371664;34377014-34377049;34379398-34379458;34380751-34381482
chr7:-:73032926-73035331;73037385-73037525;73039415-73039502;73039678-73039781;73041237-73041421;73044471-73044560;73065530-73065670;73067561-73067648;73067824-73067927;73069347-73069531;73072581-73072670;73093656-73093796;73095681-73095768;73095944-73096047;73097383-73097567;73141523-73141655;73143301-73143395
chr4:-:6674074-6674637;6674992-6676047
chr16:-:53041483-53044263;53047204-53047283;53052760-53052897
chr5:-:122160175-122160262;122179549-122179730;122182490-122182658
chr16:-:3053353-3055032;3055735-3055945;3058539-3058702;3058995-3059370
